latitude,longitude,bright_ti4,scan,track,acq_date,acq_time,satellite,instrument,confidence,version,bright_ti5,frp,daynight
3.33963,38.92675,335.96,0.51,0.66,2026-07-18,1013,N,VIIRS,n,2.0NRT,291.34,3.66,D
-4.03532,36.05669,367,0.4,0.6,2026-07-18,1151,N,VIIRS,h,2.0NRT,297.62,12.66,D
-4.03493,36.05581,367,0.39,0.6,2026-07-18,1151,N,VIIRS,h,2.0NRT,298.14,11.35,D
-4.03405,36.06438,330.69,0.4,0.6,2026-07-18,1151,N,VIIRS,n,2.0NRT,293.5,10.91,D
-4.03343,36.0682,367,0.4,0.6,2026-07-18,1151,N,VIIRS,h,2.0NRT,296.25,12.46,D
-4.03294,36.06731,367,0.4,0.6,2026-07-18,1151,N,VIIRS,h,2.0NRT,295.15,7.8,D
-4.03229,36.0711,344.42,0.4,0.6,2026-07-18,1151,N,VIIRS,n,2.0NRT,296.48,7.8,D
-4.03138,35.46266,336.8,0.36,0.57,2026-07-18,1151,N,VIIRS,n,2.0NRT,293.5,4.53,D
-4.02983,36.05554,367,0.4,0.6,2026-07-18,1151,N,VIIRS,h,2.0NRT,296.75,14.23,D
-4.0296,35.46126,334.63,0.36,0.57,2026-07-18,1151,N,VIIRS,n,2.0NRT,293.19,3.45,D
-4.02944,36.05471,367,0.39,0.6,2026-07-18,1151,N,VIIRS,h,2.0NRT,293.84,11.35,D
-3.51888,34.86267,348.99,0.33,0.56,2026-07-18,1151,N,VIIRS,n,2.0NRT,304.59,4.95,D
-3.32572,34.73259,367,0.33,0.55,2026-07-18,1151,N,VIIRS,h,2.0NRT,304.73,6.64,D
-3.30027,35.36715,350.99,0.36,0.58,2026-07-18,1151,N,VIIRS,n,2.0NRT,301.46,5.39,D
-3.29976,35.37022,351.65,0.36,0.58,2026-07-18,1151,N,VIIRS,n,2.0NRT,299.43,5.39,D
-3.29687,35.36794,367,0.37,0.58,2026-07-18,1151,N,VIIRS,h,2.0NRT,300.08,10.04,D
-3.26677,35.2181,344.61,0.36,0.57,2026-07-18,1151,N,VIIRS,n,2.0NRT,305.19,2.8,D
-3.20778,34.52345,343.14,0.32,0.55,2026-07-18,1151,N,VIIRS,n,2.0NRT,301.32,2.67,D
-3.20731,34.52637,332.86,0.32,0.55,2026-07-18,1151,N,VIIRS,n,2.0NRT,298.69,2.67,D
-3.2068,34.52238,338.15,0.32,0.55,2026-07-18,1151,N,VIIRS,n,2.0NRT,301.02,2.82,D
-3.20631,34.52529,346.12,0.32,0.55,2026-07-18,1151,N,VIIRS,n,2.0NRT,301.42,5.63,D
-3.20227,34.5255,330.14,0.32,0.55,2026-07-18,1151,N,VIIRS,l,2.0NRT,304.57,2.67,D
-3.05355,34.46379,367,0.32,0.55,2026-07-18,1151,N,VIIRS,h,2.0NRT,310.21,21.86,D
-2.54251,34.43312,351.35,0.32,0.55,2026-07-18,1151,N,VIIRS,n,2.0NRT,307.1,7.95,D
-2.54204,34.43604,340.76,0.32,0.55,2026-07-18,1151,N,VIIRS,n,2.0NRT,305.82,8.62,D
-2.53044,34.44334,367,0.32,0.55,2026-07-18,1151,N,VIIRS,h,2.0NRT,307.21,28.05,D
-2.52949,34.44918,367,0.33,0.55,2026-07-18,1151,N,VIIRS,h,2.0NRT,306.04,98.19,D
-2.52583,34.43966,347.94,0.32,0.55,2026-07-18,1151,N,VIIRS,n,2.0NRT,297.12,2.76,D
-2.52535,34.44257,335.08,0.32,0.55,2026-07-18,1151,N,VIIRS,n,2.0NRT,301.15,2.76,D
-2.3519,35.16926,334.49,0.37,0.58,2026-07-18,1151,N,VIIRS,n,2.0NRT,290.82,7.71,D
-2.34433,35.1817,337.76,0.37,0.58,2026-07-18,1151,N,VIIRS,n,2.0NRT,295.74,4.15,D
-2.34222,35.17918,335.22,0.37,0.58,2026-07-18,1151,N,VIIRS,n,2.0NRT,288.54,2.52,D
-2.34169,35.18251,330.84,0.37,0.58,2026-07-18,1151,N,VIIRS,n,2.0NRT,290.19,5.58,D
-2.28026,35.05575,332.53,0.36,0.57,2026-07-18,1151,N,VIIRS,n,2.0NRT,298.07,3.15,D
-2.27438,35.05832,343.07,0.36,0.57,2026-07-18,1151,N,VIIRS,n,2.0NRT,301.4,3.9,D
-2.27064,35.05798,353.96,0.36,0.57,2026-07-18,1151,N,VIIRS,n,2.0NRT,298.43,7.04,D
-2.27011,35.06135,336.48,0.36,0.58,2026-07-18,1151,N,VIIRS,n,2.0NRT,299.08,7.04,D
-2.26958,35.06468,345.8,0.36,0.58,2026-07-18,1151,N,VIIRS,n,2.0NRT,299.41,6,D
-2.26906,35.06795,340.24,0.36,0.58,2026-07-18,1151,N,VIIRS,n,2.0NRT,299.9,6,D
-2.26905,35.05758,339.89,0.36,0.57,2026-07-18,1151,N,VIIRS,n,2.0NRT,294.72,3.9,D
-2.26855,35.0712,347.21,0.36,0.58,2026-07-18,1151,N,VIIRS,n,2.0NRT,299.5,6.68,D
-2.26849,35.06092,333.39,0.36,0.57,2026-07-18,1151,N,VIIRS,n,2.0NRT,297.42,3.9,D
-2.26803,35.07442,346.81,0.36,0.58,2026-07-18,1151,N,VIIRS,n,2.0NRT,298.98,6.68,D
-2.26794,35.06424,343.61,0.36,0.57,2026-07-18,1151,N,VIIRS,n,2.0NRT,298.82,5.37,D
-2.26752,35.07763,343.81,0.36,0.58,2026-07-18,1151,N,VIIRS,n,2.0NRT,297.07,5.7,D
-2.2674,35.0675,341.2,0.36,0.58,2026-07-18,1151,N,VIIRS,n,2.0NRT,298.96,5.37,D
-2.26701,35.08087,345.2,0.36,0.58,2026-07-18,1151,N,VIIRS,n,2.0NRT,298.84,5.7,D
-2.26685,35.07074,346.83,0.36,0.58,2026-07-18,1151,N,VIIRS,n,2.0NRT,298.59,9.09,D
-2.26632,35.07396,367,0.36,0.58,2026-07-18,1151,N,VIIRS,h,2.0NRT,299.37,9.09,D
-2.26578,35.07716,352.88,0.36,0.58,2026-07-18,1151,N,VIIRS,n,2.0NRT,295.93,9.18,D
-2.26525,35.08039,367,0.36,0.58,2026-07-18,1151,N,VIIRS,h,2.0NRT,298.92,9.18,D
-2.2627,35.07367,355.5,0.36,0.58,2026-07-18,1151,N,VIIRS,n,2.0NRT,295.47,6.58,D
-2.26167,35.08012,367,0.36,0.58,2026-07-18,1151,N,VIIRS,h,2.0NRT,298.58,15.08,D
-2.25991,35.07964,348.47,0.36,0.58,2026-07-18,1151,N,VIIRS,n,2.0NRT,297.1,6.23,D
-2.25581,35.08262,367,0.36,0.58,2026-07-18,1151,N,VIIRS,h,2.0NRT,300.58,9.15,D
-2.25529,35.0859,330.94,0.36,0.58,2026-07-18,1151,N,VIIRS,n,2.0NRT,294.07,9.15,D
-2.25402,35.08216,367,0.36,0.58,2026-07-18,1151,N,VIIRS,h,2.0NRT,299.34,9.31,D
-2.25347,35.08543,334.98,0.36,0.58,2026-07-18,1151,N,VIIRS,n,2.0NRT,295.87,9.31,D
-2.24994,35.08514,333.66,0.36,0.58,2026-07-18,1151,N,VIIRS,n,2.0NRT,296.64,4.49,D
-2.24677,35.10499,336.33,0.36,0.58,2026-07-18,1151,N,VIIRS,n,2.0NRT,299.26,8.68,D
-2.24459,35.08443,339.63,0.36,0.58,2026-07-18,1151,N,VIIRS,n,2.0NRT,295.9,4.49,D
-2.24407,35.08768,352.25,0.36,0.58,2026-07-18,1151,N,VIIRS,n,2.0NRT,297.41,8.53,D
-2.24354,35.09099,353.46,0.36,0.58,2026-07-18,1151,N,VIIRS,n,2.0NRT,297.25,8.53,D
-2.24301,35.09431,345.76,0.36,0.58,2026-07-18,1151,N,VIIRS,n,2.0NRT,296.42,9.45,D
-2.00746,33.57019,354.05,0.58,0.52,2026-07-18,1151,N,VIIRS,n,2.0NRT,296.45,19.36,D
-2.00263,33.56945,367,0.58,0.52,2026-07-18,1151,N,VIIRS,h,2.0NRT,296.66,33.54,D
-1.68245,34.84829,341.96,0.36,0.57,2026-07-18,1151,N,VIIRS,n,2.0NRT,295.2,3.85,D
-1.68194,34.85143,338.01,0.36,0.57,2026-07-18,1151,N,VIIRS,n,2.0NRT,296.3,6.26,D
-1.68142,34.85459,341.12,0.36,0.57,2026-07-18,1151,N,VIIRS,n,2.0NRT,296.11,6.26,D
-1.6809,34.8578,353.27,0.36,0.57,2026-07-18,1151,N,VIIRS,n,2.0NRT,299.13,17.17,D
-1.68037,34.86103,367,0.36,0.57,2026-07-18,1151,N,VIIRS,h,2.0NRT,292.39,17.17,D
-1.67664,34.85062,340.09,0.36,0.57,2026-07-18,1151,N,VIIRS,n,2.0NRT,296.75,4.63,D
-1.47328,34.38245,342.63,0.33,0.56,2026-07-18,1151,N,VIIRS,n,2.0NRT,295.14,5.17,D
-1.4728,34.38548,350.11,0.33,0.56,2026-07-18,1151,N,VIIRS,n,2.0NRT,295.32,5.17,D
-1.47201,34.35743,356.58,0.33,0.56,2026-07-18,1151,N,VIIRS,n,2.0NRT,296.28,4.45,D
-1.46814,34.38166,332.67,0.33,0.56,2026-07-18,1151,N,VIIRS,n,2.0NRT,293.91,5.17,D
-1.46765,34.3847,367,0.33,0.56,2026-07-18,1151,N,VIIRS,h,2.0NRT,295.58,5.17,D
0.47341,36.25839,346.09,0.48,0.65,2026-07-18,1151,N,VIIRS,n,2.0NRT,293.71,7.55,D
0.47561,36.25483,330.12,0.48,0.65,2026-07-18,1151,N,VIIRS,n,2.0NRT,293.45,4.77,D
0.47616,36.25847,338.42,0.48,0.65,2026-07-18,1151,N,VIIRS,n,2.0NRT,292.99,5.59,D
0.79284,35.53613,336.28,0.44,0.62,2026-07-18,1151,N,VIIRS,n,2.0NRT,296.22,2.9,D
0.79849,35.5394,336.5,0.44,0.62,2026-07-18,1151,N,VIIRS,n,2.0NRT,295.35,7.21,D
0.79853,35.53482,333.29,0.44,0.62,2026-07-18,1151,N,VIIRS,n,2.0NRT,296.92,5.1,D
1.57645,34.42089,333.4,0.38,0.58,2026-07-18,1151,N,VIIRS,n,2.0NRT,296.09,2.9,D
1.66797,34.62317,335.98,0.39,0.59,2026-07-18,1151,N,VIIRS,n,2.0NRT,296.21,3.95,D
1.67345,34.62232,335.52,0.39,0.59,2026-07-18,1151,N,VIIRS,n,2.0NRT,295.51,4.96,D
1.67304,34.25859,333.74,0.37,0.58,2026-07-18,1153,N,VIIRS,n,2.0NRT,296.52,18.4,D
1.67356,34.26193,356.74,0.37,0.58,2026-07-18,1153,N,VIIRS,n,2.0NRT,297.05,18.4,D
1.67472,34.25286,331.69,0.37,0.58,2026-07-18,1153,N,VIIRS,n,2.0NRT,296.79,5.19,D
1.67521,34.2562,330.87,0.37,0.58,2026-07-18,1153,N,VIIRS,n,2.0NRT,296.66,14.35,D
1.67571,34.25954,356.66,0.37,0.58,2026-07-18,1153,N,VIIRS,n,2.0NRT,299.25,14.35,D
1.6762,34.26289,353.58,0.37,0.58,2026-07-18,1153,N,VIIRS,n,2.0NRT,302.45,38.27,D
1.6767,34.26624,367,0.37,0.58,2026-07-18,1153,N,VIIRS,h,2.0NRT,296.35,38.27,D
1.67684,34.2478,335.25,0.37,0.58,2026-07-18,1153,N,VIIRS,n,2.0NRT,295.29,5.44,D
1.67841,34.25782,343.65,0.37,0.58,2026-07-18,1153,N,VIIRS,n,2.0NRT,296.75,18.4,D
1.67859,34.24206,336.9,0.37,0.58,2026-07-18,1153,N,VIIRS,n,2.0NRT,295.64,6.66,D
1.67893,34.26116,351.15,0.37,0.58,2026-07-18,1153,N,VIIRS,n,2.0NRT,299.71,18.4,D
1.67945,34.2645,344.96,0.37,0.58,2026-07-18,1153,N,VIIRS,n,2.0NRT,312.01,55.24,D
1.67958,34.24873,331.76,0.37,0.58,2026-07-18,1153,N,VIIRS,n,2.0NRT,294.07,4.47,D
1.67997,34.26785,335.94,0.37,0.58,2026-07-18,1153,N,VIIRS,n,2.0NRT,294.36,55.24,D
1.68107,34.25876,330.33,0.37,0.58,2026-07-18,1153,N,VIIRS,n,2.0NRT,295.36,8.84,D
1.68157,34.2621,336.82,0.37,0.58,2026-07-18,1153,N,VIIRS,n,2.0NRT,300.45,39.71,D
1.68207,34.26545,367,0.37,0.58,2026-07-18,1153,N,VIIRS,h,2.0NRT,296.35,39.71,D
2.22686,34.11628,335.78,0.37,0.58,2026-07-18,1153,N,VIIRS,n,2.0NRT,293.77,2.85,D
2.34101,34.20024,333.43,0.37,0.58,2026-07-18,1153,N,VIIRS,n,2.0NRT,288.41,4.1,D
2.35802,33.7798,343.03,0.35,0.57,2026-07-18,1153,N,VIIRS,n,2.0NRT,291.72,3.98,D
2.35875,33.77923,339.34,0.35,0.57,2026-07-18,1153,N,VIIRS,n,2.0NRT,291.75,3.77,D
2.75259,33.95928,341.34,0.36,0.58,2026-07-18,1153,N,VIIRS,n,2.0NRT,292.11,6.65,D
2.79682,33.96289,353.96,0.36,0.58,2026-07-18,1153,N,VIIRS,n,2.0NRT,285.49,3.04,D
2.85963,33.92722,331.2,0.36,0.58,2026-07-18,1153,N,VIIRS,n,2.0NRT,294.66,4.14,D
2.86013,33.93058,348.88,0.36,0.58,2026-07-18,1153,N,VIIRS,n,2.0NRT,291.56,15.57,D
2.86063,33.93394,367,0.36,0.58,2026-07-18,1153,N,VIIRS,h,2.0NRT,300.03,15.57,D
2.86163,33.94064,337.21,0.36,0.58,2026-07-18,1153,N,VIIRS,n,2.0NRT,295.21,14.31,D
2.86497,33.92646,339.89,0.36,0.58,2026-07-18,1153,N,VIIRS,n,2.0NRT,297.55,9.68,D
2.86547,33.92981,367,0.36,0.58,2026-07-18,1153,N,VIIRS,h,2.0NRT,301.17,21.71,D
2.86597,33.93314,367,0.36,0.58,2026-07-18,1153,N,VIIRS,h,2.0NRT,299.56,21.71,D
2.87031,33.92565,367,0.36,0.58,2026-07-18,1153,N,VIIRS,h,2.0NRT,296.3,9.68,D
2.8708,33.92897,367,0.36,0.58,2026-07-18,1153,N,VIIRS,h,2.0NRT,298.13,21.71,D
2.87131,33.93232,343.24,0.36,0.58,2026-07-18,1153,N,VIIRS,n,2.0NRT,294.26,21.71,D
2.89935,33.62017,333.18,0.35,0.56,2026-07-18,1153,N,VIIRS,n,2.0NRT,296.23,4.83,D
2.92503,33.83122,351.22,0.36,0.57,2026-07-18,1153,N,VIIRS,n,2.0NRT,293.92,6.17,D
2.95329,33.9492,352.79,0.37,0.58,2026-07-18,1153,N,VIIRS,n,2.0NRT,294.93,8.24,D
3.24981,34.01874,343.92,0.37,0.58,2026-07-18,1153,N,VIIRS,n,2.0NRT,289.79,8.37,D
3.26066,34.01744,367,0.37,0.58,2026-07-18,1153,N,VIIRS,h,2.0NRT,294.14,9.55,D
3.26115,34.02082,367,0.37,0.58,2026-07-18,1153,N,VIIRS,h,2.0NRT,293.79,9.55,D
3.27205,34.09604,367,0.38,0.59,2026-07-18,1153,N,VIIRS,h,2.0NRT,298.75,12.47,D
3.27305,34.10295,367,0.38,0.59,2026-07-18,1153,N,VIIRS,h,2.0NRT,297.61,11.52,D
3.27355,34.10637,331.25,0.38,0.59,2026-07-18,1153,N,VIIRS,n,2.0NRT,292.23,12.99,D
3.27848,34.10209,340.98,0.38,0.59,2026-07-18,1153,N,VIIRS,n,2.0NRT,294.26,11.52,D
3.29326,34.08932,334.03,0.38,0.59,2026-07-18,1153,N,VIIRS,n,2.0NRT,297.13,5.01,D
3.30357,34.39197,330.83,0.4,0.6,2026-07-18,1153,N,VIIRS,n,2.0NRT,294.93,4.47,D
3.30447,34.38787,335.67,0.4,0.6,2026-07-18,1153,N,VIIRS,n,2.0NRT,294.52,3.85,D
3.30499,34.39132,337.07,0.4,0.6,2026-07-18,1153,N,VIIRS,n,2.0NRT,295.05,3.85,D
3.30867,34.38808,337.03,0.4,0.6,2026-07-18,1153,N,VIIRS,n,2.0NRT,294.28,4.47,D
3.30918,34.39159,342.36,0.4,0.6,2026-07-18,1153,N,VIIRS,n,2.0NRT,294.33,4.47,D
4.06605,33.99774,352.15,0.38,0.59,2026-07-18,1153,N,VIIRS,n,2.0NRT,297.63,5.91,D
4.07161,33.99767,342.69,0.38,0.59,2026-07-18,1153,N,VIIRS,n,2.0NRT,297.91,7.5,D
5.15239,35.81688,335.41,0.53,0.67,2026-07-18,1153,N,VIIRS,n,2.0NRT,291.62,2.87,D
5.4638,34.29903,334.61,0.42,0.61,2026-07-18,1153,N,VIIRS,n,2.0NRT,294.01,2.29,D
5.48036,36.18574,331.77,0.56,0.69,2026-07-18,1153,N,VIIRS,n,2.0NRT,290.72,3.77,D